id,name
tt3044882,"Nasha"
tt3045946,"Tara: The Journey of Love and Passion"
tt3056632,"Manjunath"
tt3059106,"Satya 2"
tt3138602,"Warning"
tt3142232,"Heropanti"
tt3142688,"Finding Fanny"
tt3160450,"Ooops a Desi"
tt3169676,"Meinu Ek Ladki Chaahiye"
tt3169704,"Raqt"
tt3173910,"Hasee Toh Phasee"
tt3177332,"Horror Story"
tt3211088,"Le Gaya Saddam"
tt3211170,"Say Yes to Love"
tt3257168,"Shorts"
tt3260588,"Bin Phere Free Me Tere"
tt3290688,"Revolver Rani"
tt3302962,"Shaadi Ke Side Effects"
tt3303416,"Ya Rab"
tt3309662,"Jackpot"
tt3309844,"Titoo MBA"
tt3322420,"Queen"
tt3324810,"Chhota Bheem and the Throne of Bali"
tt3334348,"Heartless"
tt3357416,"What the Fish"
tt3359290,"Bobby Jasoos"
tt3362728,"Ungli"
tt3369670,"Children of War"
tt3380264,"Kill Dil"
tt3382148,"Yaariyan"
tt3390572,"Haider"
tt3398052,"Daawat-e-Ishq"
tt3415692,"Mahabharat"
tt3426144,"Babloo Happy Hai"
tt3449320,"Darr @ the Mall"
tt3465488,"Karle Pyaar Karle"
tt3483596,"O Teri"
tt3483646,"Bewakoofiyaan"
tt3483712,"Raja Natwarlal"
tt3495000,"Mardaani"
tt3498050,"Mokssh"
tt3498078,"Ebn-e-Batuta"
tt3501994,"Hawaa Hawaai"
tt3514330,"Youngistaan"
tt3524410,"Yeh Hai Bakrapur"
tt3527144,"The Dirty Relation"
tt3531604,"Gang of Ghosts"
tt3531852,"Bhoothnath Returns"
tt3539966,"Dishkiyaoon"
tt3542028,"Chal Bhaag"
tt3554418,"Khoobsurat"
tt3565354,"Karar: The Deal"
tt3585758,"Kahin Hai Mera Pyar"
tt3592020,"Neighbours"
tt3617048,"Angry Young Man"
tt3619772,"Hate Story 2"
tt3619854,"Creature"
tt3636776,"Samrat & Co."
tt3640942,"Koyelaanchal"
tt3645014,"The Xpose"
tt3672618,"Dekh Tamasha Dekh"
tt3678938,"Humpty Sharma Ki Dulhania"
tt3681414,"Purani Jeans"
tt3683702,"Fugly"
tt3709344,"CityLights"
tt3716142,"Lekar Hum Deewana Dil"
tt3720634,"3 AM: A Paranormal Experience"
tt3748000,"Bollywood Villa"
tt3794302,"Pizza"
tt3814100,"M.A.D: Mad About Dance"
tt3822600,"Amit Sahni Ki List"
tt3847072,"Ekkees Toppon Ki Salaami"
tt3848888,"The Shaukeens"
tt3877652,"Desi Kattey"
tt3881136,"Life Is Beautiful"
tt3893476,"Spark"
tt4010306,"Jigariyaa"
tt4045666,"Mumbai Delhi Mumbai"
tt4119196,"Love U Crazy Girl"
tt4121522,"Shuruaat Ka Interval"
tt4187650,"Trip to Bhangarh"
tt4190220,"Zed Plus"
tt4219300,"Gollu aur Pappu"
tt4228746,"Zid"
